response_date,overall_rating,likelihood_to_return,class_type,felt_welcomed,stress_before,stress_after,would_recommend,comment,consent_to_quote,audience_segment
2025-04-03,5,10,Desk Worker Mobility,5,6,4,Y,I came in with a severe headache and racing thoughts. Leaving with complete mental clarity.,N,Desk Worker
2025-04-06,5,10,Vinyasa Flow,5,5,3,Y,Mariana's cues made me feel completely grounded. Best lunchtime reset our team has ever had.,Y,Desk Worker
2025-04-18,5,10,Community Gentle Yoga,5,6,2,Y,Mariana's cues made me feel completely grounded. Best lunchtime reset our team has ever had.,Y,Desk Worker
2025-04-21,5,10,Community Gentle Yoga,4,10,2,Y,"Warm, culturally grounded, and deeply restorative. A true community treasure.",N,Community
2025-04-24,4,10,Desk Worker Mobility,5,6,3,Y,"As a beginner, I was nervous, but she offered modifications that made me feel so welcomed.",Y,Beginner
2025-04-25,4,10,Desk Worker Mobility,5,9,2,Y,The perfect blend of mindful challenge and deep relaxation.,Y,Beginner
2025-04-29,5,9,Desk Worker Mobility,5,7,1,Y,"Warm, culturally grounded, and deeply restorative. A true community treasure.",Y,Community
2025-04-30,4,10,Community Gentle Yoga,5,7,1,Y,Incredible pacing and playlist. Clear instructions with zero intimidation factor.,Y,Intermediate
2025-05-09,5,10,Vinyasa Flow,5,6,1,Y,Her breathwork guidance completely reset my nervous system. I haven't slept this well in months.,Y,Desk Worker
2025-05-12,4,10,Desk Worker Mobility,5,7,2,Y,Her breathwork guidance completely reset my nervous system. I haven't slept this well in months.,Y,Desk Worker
2025-05-16,5,8,Vinyasa Flow,5,8,2,Y,Her breathwork guidance completely reset my nervous system. I haven't slept this well in months.,Y,Desk Worker
2025-05-20,5,10,Desk Worker Mobility,5,7,2,Y,Clear anatomical cues and trauma-informed adjustments. Highest quality instruction in Chicago.,N,Intermediate
2025-05-25,5,10,Candlelight Yin & Sound,5,7,3,Y,Mariana's cues made me feel completely grounded. Best lunchtime reset our team has ever had.,N,Desk Worker
2025-05-26,4,10,Candlelight Yin & Sound,5,8,2,Y,Incredible pacing and playlist. Clear instructions with zero intimidation factor.,Y,Intermediate
2025-05-27,5,10,Desk Worker Mobility,5,6,3,Y,Mariana's cues made me feel completely grounded. Best lunchtime reset our team has ever had.,Y,Desk Worker
2025-05-29,5,10,Candlelight Yin & Sound,5,8,2,Y,"Warm, culturally grounded, and deeply restorative. A true community treasure.",Y,Community
2025-06-02,5,9,Vinyasa Flow,5,6,1,Y,I came in with a severe headache and racing thoughts. Leaving with complete mental clarity.,Y,Desk Worker
2025-06-08,4,10,Candlelight Yin & Sound,5,5,4,Y,"As a beginner, I was nervous, but she offered modifications that made me feel so welcomed.",Y,Beginner
2025-06-11,5,9,Community Gentle Yoga,4,7,4,Y,The perfect blend of mindful challenge and deep relaxation.,Y,Beginner
2025-06-17,4,10,Desk Worker Mobility,5,8,4,Y,I came in with a severe headache and racing thoughts. Leaving with complete mental clarity.,N,Desk Worker
2025-06-23,5,10,Desk Worker Mobility,4,9,2,Y,I came in with a severe headache and racing thoughts. Leaving with complete mental clarity.,Y,Desk Worker
2025-06-24,5,7,Candlelight Yin & Sound,5,8,2,Y,Clear anatomical cues and trauma-informed adjustments. Highest quality instruction in Chicago.,Y,Intermediate
2025-07-01,5,10,Candlelight Yin & Sound,5,8,3,Y,Loved the bilingual cues and inclusive atmosphere. Everyone in the room felt seen.,Y,Community
2025-07-04,5,10,Desk Worker Mobility,5,6,3,Y,Incredible pacing and playlist. Clear instructions with zero intimidation factor.,Y,Intermediate
2025-07-05,5,10,Vinyasa Flow,5,7,1,Y,Her breathwork guidance completely reset my nervous system. I haven't slept this well in months.,Y,Desk Worker
2025-07-05,5,10,Vinyasa Flow,5,7,1,Y,Incredible pacing and playlist. Clear instructions with zero intimidation factor.,Y,Intermediate
2025-07-10,4,10,Vinyasa Flow,5,7,1,Y,Our students were fully engaged and calm throughout the entire youth session.,Y,Youth
2025-07-13,4,10,Desk Worker Mobility,5,8,4,Y,"Warm, culturally grounded, and deeply restorative. A true community treasure.",Y,Community
2025-07-22,5,10,Community Gentle Yoga,5,7,2,Y,Loved the bilingual cues and inclusive atmosphere. Everyone in the room felt seen.,Y,Community
2025-07-25,5,10,Vinyasa Flow,5,7,2,Y,Incredible pacing and playlist. Clear instructions with zero intimidation factor.,Y,Intermediate
2025-07-25,5,10,Community Gentle Yoga,5,7,1,Y,I came in with a severe headache and racing thoughts. Leaving with complete mental clarity.,Y,Desk Worker
2025-07-27,5,10,Vinyasa Flow,5,6,1,Y,The perfect blend of mindful challenge and deep relaxation.,Y,Beginner
2025-07-27,5,10,Desk Worker Mobility,5,6,3,Y,Incredible pacing and playlist. Clear instructions with zero intimidation factor.,Y,Intermediate
2025-07-28,5,10,Vinyasa Flow,5,6,3,Y,Loved the bilingual cues and inclusive atmosphere. Everyone in the room felt seen.,Y,Community
2025-07-28,5,10,Desk Worker Mobility,5,6,3,Y,Her breathwork guidance completely reset my nervous system. I haven't slept this well in months.,Y,Desk Worker
2025-07-29,5,10,Desk Worker Mobility,5,6,3,Y,Mariana's cues made me feel completely grounded. Best lunchtime reset our team has ever had.,Y,Desk Worker
2025-07-30,4,10,Vinyasa Flow,5,8,2,Y,Her breathwork guidance completely reset my nervous system. I haven't slept this well in months.,Y,Desk Worker
2025-08-04,4,10,Vinyasa Flow,5,6,2,Y,I came in with a severe headache and racing thoughts. Leaving with complete mental clarity.,Y,Desk Worker
2025-08-12,5,9,Community Gentle Yoga,5,6,1,Y,Clear anatomical cues and trauma-informed adjustments. Highest quality instruction in Chicago.,Y,Intermediate
2025-08-16,5,10,Candlelight Yin & Sound,5,6,1,Y,Our students were fully engaged and calm throughout the entire youth session.,Y,Youth
2025-08-20,5,10,Vinyasa Flow,5,9,3,Y,Her breathwork guidance completely reset my nervous system. I haven't slept this well in months.,Y,Desk Worker
2025-08-21,5,10,Candlelight Yin & Sound,5,7,2,Y,The perfect blend of mindful challenge and deep relaxation.,Y,Beginner
2025-08-26,5,10,Desk Worker Mobility,5,5,1,Y,Clear anatomical cues and trauma-informed adjustments. Highest quality instruction in Chicago.,N,Intermediate
2025-08-27,5,10,Community Gentle Yoga,5,7,2,Y,Her breathwork guidance completely reset my nervous system. I haven't slept this well in months.,Y,Desk Worker
2025-08-31,5,10,Candlelight Yin & Sound,5,6,2,Y,Incredible pacing and playlist. Clear instructions with zero intimidation factor.,Y,Intermediate
2025-08-31,5,10,Vinyasa Flow,5,8,2,Y,Mariana's cues made me feel completely grounded. Best lunchtime reset our team has ever had.,Y,Desk Worker
2025-09-02,5,10,Vinyasa Flow,5,8,2,Y,Mariana's cues made me feel completely grounded. Best lunchtime reset our team has ever had.,Y,Desk Worker
2025-09-03,5,10,Vinyasa Flow,5,8,3,Y,Loved the bilingual cues and inclusive atmosphere. Everyone in the room felt seen.,Y,Community
2025-09-06,5,10,Community Gentle Yoga,5,6,1,Y,Mariana's cues made me feel completely grounded. Best lunchtime reset our team has ever had.,Y,Desk Worker
2025-09-09,5,10,Community Gentle Yoga,5,6,1,Y,I came in with a severe headache and racing thoughts. Leaving with complete mental clarity.,Y,Desk Worker
2025-09-13,5,8,Community Gentle Yoga,5,10,3,Y,I came in with a severe headache and racing thoughts. Leaving with complete mental clarity.,Y,Desk Worker
2025-09-13,5,10,Vinyasa Flow,5,5,3,Y,Loved the bilingual cues and inclusive atmosphere. Everyone in the room felt seen.,Y,Community
2025-09-14,5,10,Vinyasa Flow,5,6,4,Y,Loved the bilingual cues and inclusive atmosphere. Everyone in the room felt seen.,Y,Community
2025-09-18,5,10,Community Gentle Yoga,5,7,3,Y,"Warm, culturally grounded, and deeply restorative. A true community treasure.",Y,Community
2025-09-19,5,10,Vinyasa Flow,5,8,1,Y,The perfect blend of mindful challenge and deep relaxation.,Y,Beginner
2025-09-23,5,9,Candlelight Yin & Sound,5,7,3,Y,I came in with a severe headache and racing thoughts. Leaving with complete mental clarity.,Y,Desk Worker
2025-09-24,5,9,Vinyasa Flow,5,8,1,Y,Our students were fully engaged and calm throughout the entire youth session.,Y,Youth
2025-09-25,3,8,Community Gentle Yoga,5,7,3,Y,Mariana's cues made me feel completely grounded. Best lunchtime reset our team has ever had.,Y,Desk Worker
2025-09-26,5,10,Vinyasa Flow,5,7,3,Y,"As a beginner, I was nervous, but she offered modifications that made me feel so welcomed.",Y,Beginner
2025-10-02,3,8,Candlelight Yin & Sound,5,7,2,Y,"As a beginner, I was nervous, but she offered modifications that made me feel so welcomed.",Y,Beginner
2025-10-04,5,9,Candlelight Yin & Sound,5,7,1,Y,Mariana's cues made me feel completely grounded. Best lunchtime reset our team has ever had.,Y,Desk Worker
2025-10-07,5,10,Candlelight Yin & Sound,5,8,3,Y,Loved the bilingual cues and inclusive atmosphere. Everyone in the room felt seen.,Y,Community
2025-10-08,5,10,Community Gentle Yoga,5,6,2,Y,"As a beginner, I was nervous, but she offered modifications that made me feel so welcomed.",Y,Beginner
2025-10-09,5,9,Vinyasa Flow,5,8,2,Y,"As a beginner, I was nervous, but she offered modifications that made me feel so welcomed.",Y,Beginner
2025-10-10,4,9,Desk Worker Mobility,4,8,3,Y,Clear anatomical cues and trauma-informed adjustments. Highest quality instruction in Chicago.,Y,Intermediate
2025-10-15,5,10,Candlelight Yin & Sound,5,6,2,Y,Loved the bilingual cues and inclusive atmosphere. Everyone in the room felt seen.,Y,Community
2025-10-19,5,10,Candlelight Yin & Sound,5,9,2,Y,Clear anatomical cues and trauma-informed adjustments. Highest quality instruction in Chicago.,Y,Intermediate
2025-10-21,5,10,Vinyasa Flow,5,6,2,Y,"As a beginner, I was nervous, but she offered modifications that made me feel so welcomed.",Y,Beginner
2025-10-24,5,10,Desk Worker Mobility,5,7,2,Y,"Warm, culturally grounded, and deeply restorative. A true community treasure.",N,Community
2025-10-26,4,8,Community Gentle Yoga,5,6,1,Y,"As a beginner, I was nervous, but she offered modifications that made me feel so welcomed.",Y,Beginner
2025-10-30,3,10,Candlelight Yin & Sound,4,8,3,Y,Our students were fully engaged and calm throughout the entire youth session.,Y,Youth
2025-11-02,5,10,Community Gentle Yoga,5,9,2,Y,Clear anatomical cues and trauma-informed adjustments. Highest quality instruction in Chicago.,Y,Intermediate
2025-11-02,5,10,Candlelight Yin & Sound,5,6,2,Y,I came in with a severe headache and racing thoughts. Leaving with complete mental clarity.,Y,Desk Worker
2025-11-02,5,10,Desk Worker Mobility,5,6,2,Y,Loved the bilingual cues and inclusive atmosphere. Everyone in the room felt seen.,Y,Community
2025-11-06,5,10,Vinyasa Flow,5,8,2,Y,Our students were fully engaged and calm throughout the entire youth session.,Y,Youth
2025-11-06,4,10,Community Gentle Yoga,5,7,2,Y,Her breathwork guidance completely reset my nervous system. I haven't slept this well in months.,Y,Desk Worker
2025-11-11,5,10,Candlelight Yin & Sound,5,7,1,Y,I came in with a severe headache and racing thoughts. Leaving with complete mental clarity.,N,Desk Worker
2025-11-28,5,10,Vinyasa Flow,5,6,2,Y,The perfect blend of mindful challenge and deep relaxation.,Y,Beginner
2025-11-28,4,10,Vinyasa Flow,5,7,3,Y,I came in with a severe headache and racing thoughts. Leaving with complete mental clarity.,Y,Desk Worker
2025-11-29,5,10,Community Gentle Yoga,5,7,3,Y,Our students were fully engaged and calm throughout the entire youth session.,Y,Youth
2025-11-29,5,10,Vinyasa Flow,5,7,3,Y,Her breathwork guidance completely reset my nervous system. I haven't slept this well in months.,Y,Desk Worker
2025-12-05,4,10,Desk Worker Mobility,5,8,3,Y,Her breathwork guidance completely reset my nervous system. I haven't slept this well in months.,Y,Desk Worker
2025-12-07,5,9,Vinyasa Flow,5,8,2,Y,Loved the bilingual cues and inclusive atmosphere. Everyone in the room felt seen.,Y,Community
2025-12-09,5,10,Candlelight Yin & Sound,5,6,2,Y,The perfect blend of mindful challenge and deep relaxation.,Y,Beginner
2025-12-10,5,10,Desk Worker Mobility,5,9,2,Y,"Warm, culturally grounded, and deeply restorative. A true community treasure.",Y,Community
2025-12-16,5,10,Candlelight Yin & Sound,5,7,2,Y,I came in with a severe headache and racing thoughts. Leaving with complete mental clarity.,Y,Desk Worker
2025-12-24,5,10,Candlelight Yin & Sound,4,7,3,Y,Mariana's cues made me feel completely grounded. Best lunchtime reset our team has ever had.,Y,Desk Worker
2025-12-28,4,10,Vinyasa Flow,4,6,2,Y,Loved the bilingual cues and inclusive atmosphere. Everyone in the room felt seen.,Y,Community
2025-12-30,5,10,Community Gentle Yoga,5,7,1,Y,Her breathwork guidance completely reset my nervous system. I haven't slept this well in months.,N,Desk Worker
2026-01-09,5,10,Community Gentle Yoga,5,8,2,Y,Clear anatomical cues and trauma-informed adjustments. Highest quality instruction in Chicago.,Y,Intermediate
2026-01-10,5,10,Desk Worker Mobility,5,8,2,Y,I came in with a severe headache and racing thoughts. Leaving with complete mental clarity.,Y,Desk Worker
2026-01-22,5,10,Vinyasa Flow,5,5,1,Y,Our students were fully engaged and calm throughout the entire youth session.,Y,Youth
2026-02-04,5,9,Candlelight Yin & Sound,5,5,3,Y,Clear anatomical cues and trauma-informed adjustments. Highest quality instruction in Chicago.,Y,Intermediate
2026-02-05,5,8,Vinyasa Flow,5,9,3,Y,Clear anatomical cues and trauma-informed adjustments. Highest quality instruction in Chicago.,Y,Intermediate
2026-02-05,5,10,Candlelight Yin & Sound,5,7,3,Y,Our students were fully engaged and calm throughout the entire youth session.,N,Youth
2026-02-10,5,10,Community Gentle Yoga,5,7,1,Y,Our students were fully engaged and calm throughout the entire youth session.,Y,Youth
2026-02-22,4,10,Desk Worker Mobility,4,9,2,Y,"As a beginner, I was nervous, but she offered modifications that made me feel so welcomed.",Y,Beginner
2026-02-23,5,9,Community Gentle Yoga,5,7,3,Y,"Warm, culturally grounded, and deeply restorative. A true community treasure.",Y,Community
2026-02-27,5,10,Candlelight Yin & Sound,4,9,3,Y,Loved the bilingual cues and inclusive atmosphere. Everyone in the room felt seen.,Y,Community
2026-02-28,5,10,Community Gentle Yoga,5,8,2,Y,I came in with a severe headache and racing thoughts. Leaving with complete mental clarity.,Y,Desk Worker
2026-03-01,5,10,Candlelight Yin & Sound,5,9,1,Y,I came in with a severe headache and racing thoughts. Leaving with complete mental clarity.,Y,Desk Worker
2026-03-01,5,10,Desk Worker Mobility,5,8,2,Y,Clear anatomical cues and trauma-informed adjustments. Highest quality instruction in Chicago.,Y,Intermediate
2026-03-06,5,10,Vinyasa Flow,5,5,2,Y,Our students were fully engaged and calm throughout the entire youth session.,Y,Youth
2026-03-07,5,10,Desk Worker Mobility,5,8,2,Y,Loved the bilingual cues and inclusive atmosphere. Everyone in the room felt seen.,Y,Community
2026-03-22,5,10,Vinyasa Flow,5,6,1,Y,Clear anatomical cues and trauma-informed adjustments. Highest quality instruction in Chicago.,Y,Intermediate
2026-03-23,5,10,Candlelight Yin & Sound,5,7,1,Y,Mariana's cues made me feel completely grounded. Best lunchtime reset our team has ever had.,Y,Desk Worker
2026-03-24,5,10,Vinyasa Flow,5,7,2,Y,Loved the bilingual cues and inclusive atmosphere. Everyone in the room felt seen.,Y,Community
2026-04-01,5,10,Community Gentle Yoga,5,7,2,Y,The perfect blend of mindful challenge and deep relaxation.,N,Beginner
2026-04-08,5,9,Vinyasa Flow,5,6,2,Y,I came in with a severe headache and racing thoughts. Leaving with complete mental clarity.,N,Desk Worker
2026-04-09,5,10,Candlelight Yin & Sound,5,8,3,Y,Mariana's cues made me feel completely grounded. Best lunchtime reset our team has ever had.,N,Desk Worker
2026-04-17,5,10,Vinyasa Flow,5,7,2,Y,Loved the bilingual cues and inclusive atmosphere. Everyone in the room felt seen.,Y,Community
2026-04-27,5,10,Community Gentle Yoga,5,7,2,Y,I came in with a severe headache and racing thoughts. Leaving with complete mental clarity.,Y,Desk Worker
2026-05-03,3,10,Desk Worker Mobility,5,8,3,Y,Her breathwork guidance completely reset my nervous system. I haven't slept this well in months.,Y,Desk Worker
2026-05-08,5,10,Community Gentle Yoga,5,8,2,Y,I came in with a severe headache and racing thoughts. Leaving with complete mental clarity.,N,Desk Worker
2026-05-09,5,10,Desk Worker Mobility,5,7,3,Y,"Warm, culturally grounded, and deeply restorative. A true community treasure.",Y,Community
2026-05-12,5,10,Candlelight Yin & Sound,5,7,1,Y,Our students were fully engaged and calm throughout the entire youth session.,Y,Youth
2026-05-13,3,10,Desk Worker Mobility,5,5,1,Y,Mariana's cues made me feel completely grounded. Best lunchtime reset our team has ever had.,Y,Desk Worker
2026-05-18,5,10,Candlelight Yin & Sound,5,9,2,Y,Mariana's cues made me feel completely grounded. Best lunchtime reset our team has ever had.,Y,Desk Worker
2026-05-25,5,10,Community Gentle Yoga,5,8,3,Y,Clear anatomical cues and trauma-informed adjustments. Highest quality instruction in Chicago.,Y,Intermediate
2026-05-27,5,10,Desk Worker Mobility,5,6,3,Y,I came in with a severe headache and racing thoughts. Leaving with complete mental clarity.,Y,Desk Worker
2026-05-31,5,10,Vinyasa Flow,4,7,2,Y,Clear anatomical cues and trauma-informed adjustments. Highest quality instruction in Chicago.,Y,Intermediate
2026-06-02,5,10,Vinyasa Flow,5,7,3,Y,Clear anatomical cues and trauma-informed adjustments. Highest quality instruction in Chicago.,Y,Intermediate
2026-06-12,5,10,Desk Worker Mobility,5,5,2,Y,I came in with a severe headache and racing thoughts. Leaving with complete mental clarity.,Y,Desk Worker
2026-06-23,5,10,Candlelight Yin & Sound,5,7,2,Y,Our students were fully engaged and calm throughout the entire youth session.,Y,Youth
2026-06-24,4,10,Community Gentle Yoga,5,7,1,Y,The perfect blend of mindful challenge and deep relaxation.,Y,Beginner
2026-06-25,4,10,Desk Worker Mobility,5,7,3,Y,Loved the bilingual cues and inclusive atmosphere. Everyone in the room felt seen.,Y,Community
2026-07-02,5,10,Community Gentle Yoga,5,8,3,Y,Clear anatomical cues and trauma-informed adjustments. Highest quality instruction in Chicago.,Y,Intermediate
2026-07-16,5,9,Candlelight Yin & Sound,5,8,3,Y,Mariana's cues made me feel completely grounded. Best lunchtime reset our team has ever had.,Y,Desk Worker
2026-07-16,5,10,Desk Worker Mobility,5,7,2,Y,"Warm, culturally grounded, and deeply restorative. A true community treasure.",Y,Community
2026-07-19,4,10,Vinyasa Flow,5,6,3,Y,Her breathwork guidance completely reset my nervous system. I haven't slept this well in months.,Y,Desk Worker
2026-07-21,5,10,Vinyasa Flow,5,7,2,Y,Clear anatomical cues and trauma-informed adjustments. Highest quality instruction in Chicago.,Y,Intermediate
2026-07-22,4,10,Community Gentle Yoga,5,8,4,Y,Mariana's cues made me feel completely grounded. Best lunchtime reset our team has ever had.,Y,Desk Worker
2026-07-24,5,10,Desk Worker Mobility,5,7,1,Y,"As a beginner, I was nervous, but she offered modifications that made me feel so welcomed.",Y,Beginner
2026-07-26,5,8,Desk Worker Mobility,5,8,2,Y,Loved the bilingual cues and inclusive atmosphere. Everyone in the room felt seen.,Y,Community
2026-08-03,4,10,Candlelight Yin & Sound,5,9,2,Y,Clear anatomical cues and trauma-informed adjustments. Highest quality instruction in Chicago.,Y,Intermediate
2026-08-14,5,9,Community Gentle Yoga,5,9,3,Y,Our students were fully engaged and calm throughout the entire youth session.,Y,Youth
2026-08-14,5,10,Community Gentle Yoga,5,8,2,Y,Mariana's cues made me feel completely grounded. Best lunchtime reset our team has ever had.,Y,Desk Worker
2026-08-16,5,7,Community Gentle Yoga,5,7,2,Y,Her breathwork guidance completely reset my nervous system. I haven't slept this well in months.,Y,Desk Worker
2026-08-18,4,9,Candlelight Yin & Sound,5,7,3,Y,"As a beginner, I was nervous, but she offered modifications that made me feel so welcomed.",N,Beginner
2026-08-23,5,10,Vinyasa Flow,5,7,3,Y,Clear anatomical cues and trauma-informed adjustments. Highest quality instruction in Chicago.,Y,Intermediate
2026-08-24,5,10,Candlelight Yin & Sound,5,8,2,Y,Loved the bilingual cues and inclusive atmosphere. Everyone in the room felt seen.,Y,Community
2026-08-25,5,10,Vinyasa Flow,5,6,3,Y,Our students were fully engaged and calm throughout the entire youth session.,Y,Youth
2026-08-29,5,10,Vinyasa Flow,5,6,1,Y,"Warm, culturally grounded, and deeply restorative. A true community treasure.",Y,Community
2026-09-01,5,10,Candlelight Yin & Sound,5,6,2,Y,Incredible pacing and playlist. Clear instructions with zero intimidation factor.,Y,Intermediate
2026-09-06,5,9,Community Gentle Yoga,5,10,2,Y,"As a beginner, I was nervous, but she offered modifications that made me feel so welcomed.",Y,Beginner
2026-09-09,5,10,Desk Worker Mobility,5,7,3,Y,Loved the bilingual cues and inclusive atmosphere. Everyone in the room felt seen.,Y,Community
2026-09-14,5,9,Desk Worker Mobility,5,10,2,Y,The perfect blend of mindful challenge and deep relaxation.,Y,Beginner
2026-09-14,4,10,Desk Worker Mobility,4,8,2,Y,Clear anatomical cues and trauma-informed adjustments. Highest quality instruction in Chicago.,Y,Intermediate
2026-09-22,5,10,Desk Worker Mobility,5,7,3,Y,Clear anatomical cues and trauma-informed adjustments. Highest quality instruction in Chicago.,N,Intermediate
2026-09-30,5,10,Community Gentle Yoga,5,6,1,Y,Clear anatomical cues and trauma-informed adjustments. Highest quality instruction in Chicago.,Y,Intermediate
